0.03000335232986926,-0.05894705882352941
0.06000670465973852,-0.055822058823529405
0.09001005698960779,-0.05122647058823529
0.12001340931947704,-0.04534411764705882
0.1500167616493463,-0.038174999999999994
0.18002011397921555,-0.030086764705882348
0.2100234663090848,-0.021079411764705874
0.24002681863895406,-0.011520588235294116
0.2700301709688233,-0.0012264705882352872
0.3000335232986926,0.008883823529411777
0.3300368756285619,0.018075000000000008
0.36004022795843116,0.027266176470588252
0.39004358028830044,0.035354411764705884
0.4200469326181697,0.0410529411764706
0.450050284948039,0.0467514705882353
0.4800536372779083,0.05061176470588237
0.5100569896077776,0.05208235294117648
0.5400603419376468,0.05208235294117648
0.5700636942675161,0.05061176470588237
0.6000670465973854,0.047119117647058825
0.6300703989272547,0.04142058823529414
0.660073751257124,0.034435294117647064
0.6900771035869933,0.026163235294117654
0.7200804559168625,0.01733970588235295
0.7500838082467318,0.007597058823529415
0.7800871605766011,-0.0021455882352941075
0.8100905129064704,-0.012807352941176464
0.8400938652363397,-0.022733823529411758
0.870097217566209,-0.03229264705882352
0.9001005698960782,-0.036704411764705874
0.9301039222259475,-0.04736617647058823
0.9601072745558168,-0.050491176470588234
0.9901106268856861,-0.054902941176470585
1.0201139792155554,-0.05766029411764705
1.0501173315454246,-0.05839558823529411
1.080120683875294,-0.05784411764705882
1.1101240362051632,-0.05508676470588235
1.1401273885350325,-0.050675
1.1701307408649018,-0.04479264705882353
1.200134093194771,-0.037807352941176466
1.2301374455246403,-0.029902941176470584
1.2601407978545096,-0.020711764705882346
1.290144150184379,-0.011336764705882338
1.3201475025142482,-0.0008588235294117452
1.3501508548441175,0.008883823529411777
1.3801542071739867,0.018258823529411772
1.410157559503856,0.02671470588235296
1.4401609118337253,0.03406764705882355
1.4701642641635946,0.04031764705882353
1.5001676164934639,0.04564852941176471
1.5301709688233331,0.04914117647058826
1.5601743211532024,0.05042794117647058
1.5901776734830717,0.05042794117647058
1.620181025812941,0.048957352941176466
1.6501843781428103,0.04546470588235296
1.6801877304726796,0.04068529411764707
1.7101910828025488,0.03406764705882355
1.7401944351324181,0.026347058823529418
1.7701977874622874,0.017155882352941187
1.8002011397921567,0.007413235294117665
1.830204492122026,-0.0023294117647058715
1.8602078444518952,-0.0126235294117647
1.8902111967817645,-0.022366176470588223
1.9202145491116338,-0.03155735294117646
1.950217901441503,-0.03946176470588234
1.9802212537713724,-0.04589558823529411
2.0102246061012417,-0.051042647058823526
2.0402279584311107,-0.05471911764705882
2.0702313107609798,-0.05618970588235293
2.100234663090849,-0.05655735294117646
2.130238015420718,-0.05508676470588235
2.160241367750587,-0.051410294117647054
2.190244720080456,-0.046447058823529404
2.220248072410325,-0.04001323529411764
2.250251424740194,-0.03247647058823529
2.280254777070063,-0.023836764705882342
2.3102581293999322,-0.014645588235294119
2.3402614817298013,-0.004902941176470582
2.3702648340596704,0.005023529411764718
2.4002681863895394,0.014398529411764713
2.4302715387194085,0.023589705882352957
2.4602748910492775,0.031310294117647075
2.4902782433791466,0.037927941176470595
2.5202815957090157,0.04381029411764707
2.5502849480388847,0.04785441176470591
2.580288300368754,0.04969264705882355
2.610291652698623,0.05042794117647058
2.640295005028492,0.04950882352941176
2.670298357358361,0.04656764705882353
2.70030170968823,0.04233970588235296
2.730305062018099,0.03627352941176472
2.760308414347968,0.02892058823529413
2.790311766677837,0.02046470588235294
2.8203151190077063,0.01108970588235296
2.8503184713375753,0.0015308823529411875
2.8803218236674444,-0.00361617647058822
2.9103251759973134,-0.018322058823529407
2.9403285283271825,-0.02328529411764705
2.9703318806570516,-0.03247647058823529
3.0003352329869206,-0.04001323529411764
3.0303385853167897,-0.046630882352941175
3.0603419376466587,-0.051410294117647054
3.090345289976528,-0.05471911764705882
3.120348642306397,-0.05618970588235293
3.150351994636266,-0.05600588235294117
3.180355346966135,-0.05435147058823529
3.210358699296004,-0.050491176470588234
3.240362051625873,-0.045527941176470584
3.270365403955742,-0.03891029411764705
3.300368756285611,-0.031005882352941175
3.3303721086154803,-0.022366176470588223
3.3603754609453493,-0.013358823529411756
3.3903788132752184,-0.003799999999999984
3.4203821656050875,0.005942647058823539
3.4503855179349565,0.015317647058823533
3.4803888702648256,0.024141176470588235
3.5103922225946946,0.03186176470588237
3.5403955749245637,0.0384794117647059
3.5703989272544328,0.04362647058823531
3.600402279584302,0.04785441176470591
3.630405631914171,0.04950882352941176
3.66040898424404,0.049876470588235286
3.690412336573909,0.04877352941176473
3.720415688903778,0.04564852941176471
3.750419041233647,0.04123676470588235
3.780422393563516,0.03517058823529412
3.8104257458933852,0.02781764705882353
3.8404290982232543,0.018994117647058828
3.8704324505531233,0.009802941176470598
3.9004358028829924,6.029411764707504e-05
3.9304391552128615,-0.009866176470588225
3.9604425075427305,-0.019241176470588234
3.9904458598725996,-0.028616176470588228
4.020449212202469,-0.03652058823529411
4.050452564532338,-0.043505882352941165
4.080455916862207,-0.04938823529411764
4.110459269192076,-0.0532485294117647
4.140462621521945,-0.05527058823529411
4.170465973851814,-0.055822058823529405
4.2004693261816834,-0.05453529411764706
4.2304726785115525,-0.051410294117647054
4.260476030841422,-0.0469985294117647
4.290479383171291,-0.04093235294117646
4.32048273550116,-0.03376323529411764
4.350486087831029,-0.025491176470588232
4.380489440160898,-0.01648382352941176
4.410492792490767,-0.007108823529411765
4.440496144820636,0.0026338235294117718
4.470499497150505,0.01219264705882353
4.500502849480374,0.020832352941176482
4.530506201810243,0.02892058823529413
4.560509554140112,0.03608970588235294
4.590512906469981,0.04197205882352942
4.62051625879985,0.0463838235294118
4.650519611129719,0.04914117647058826
4.680522963459588,0.04969264705882355
4.7105263157894575,0.04950882352941176
4.7405296681193265,0.04693529411764706
4.770533020449196,0.04325882352941178
4.800536372779065,0.037927941176470595
4.830539725108934,0.030942647058823533
4.860543077438803,0.02689852941176471
4.890546429768672,0.01844264705882355
4.920549782098541,0.008883823529411777
4.95055313442841,-0.000674999999999995
4.980556486758279,-0.010601470588235282
5.010559839088148,-0.020160294117647047
5.040563191418017,-0.029351470588235284
5.070566543747886,-0.037255882352941166
5.100569896077755,-0.0438735294117647
5.130573248407624,-0.049020588235294114
5.160576600737493,-0.05306470588235294
5.190579953067362,-0.05453529411764706
5.2205833053972315,-0.054902941176470585
5.2505866577271005,-0.05361617647058823
5.28059001005697,-0.050491176470588234
5.310593362386839,-0.04571176470588235
5.340596714716708,-0.03964558823529411
5.370600067046577,-0.03229264705882352
5.400603419376446,-0.023836764705882342
5.430606771706315,-0.015013235294117633
5.460610124036184,-0.005638235294117638
5.490613476366053,0.00392058823529412
5.520616828695922,0.013295588235294128
5.550620181025791,0.021935294117647067
5.58062353335566,0.02983970588235295
5.610626885685529,0.03645735294117648
5.640630238015398,0.04215588235294118
5.670633590345267,0.046200000000000005
5.700636942675136,0.04822205882352944
5.7306402950050055,0.04914117647058826
5.7606436473348746,0.048405882352941174
5.790646999664744,0.04564852941176471
5.820650351994613,0.04178823529411767
5.850653704324482,0.03608970588235294
5.880657056654351,0.029104411764705893
5.91066040898422,0.021016176470588246
5.940663761314089,0.01200882352941178
5.970667113643958,0.0024500000000000077
6.000670465973827,-0.007292647058823515
6.030673818303696,-0.016667647058823516
6.060677170633565,-0.026042647058823518
6.090680522963434,-0.0344985294117647
6.120683875293303,-0.04129999999999999
6.150687227623172,-0.047549999999999995
6.180690579953041,-0.051961764705882346
6.2106939322829104,-0.053983823529411765
6.2406972846127795,-0.05508676470588235
6.270700636942649,-0.05416764705882353
6.300703989272518,-0.05122647058823529
6.330707341602387,-0.04718235294117647
6.360710693932256,-0.04166764705882352
6.390714046262125,-0.03468235294117646
6.420717398591994,-0.026961764705882345
6.450720750921863,-0.018138235294117643
6.480724103251732,-0.00913088235294117
6.510727455581601,0.00042794117647058927
6.54073080791147,0.01017058823529414
6.570734160241339,0.018994117647058828
6.600737512571208,0.02689852941176471
6.630740864901077,0.03406764705882355
6.660744217230946,0.03995000000000003
6.690747569560815,0.044361764705882364
6.7207509218906845,0.04748676470588235
6.7507542742205535,0.04877352941176473
6.780757626550423,0.048405882352941174
6.810760978880292,0.04767058823529412
6.840764331210161,0.04289117647058825
6.87076768354003,0.04031764705882353
6.900771035869899,0.03461911764705883
6.930774388199768,0.027450000000000016
6.960777740529637,0.01954558823529412
6.990781092859506,0.01035441176470589
7.020784445189375,0.0009794117647058953
7.050787797519244,-0.0083955882352941
7.080791149849113,-0.01795441176470587
7.110794502178982,-0.02732941176470588
7.140797854508851,-0.03541764705882352
7.17080120683872,-0.04203529411764705
7.200804559168589,-0.047549999999999995
7.2308079114984585,-0.051961764705882346
7.2608112638283275,-0.053799999999999994
7.290814616158197,-0.05453529411764706
7.320817968488066,-0.053432352941176466
7.350821320817935,-0.050491176470588234
7.380824673147804,-0.046079411764705876
7.410828025477673,-0.04038088235294117
7.440831377807542,-0.03339558823529411
7.470834730137411,-0.02530735294117646
7.50083808246728,-0.016851470588235287
7.530841434797149,-0.007660294117647043
7.560844787127018,0.0018985294117647156
7.590848139456887,0.01127352941176471
7.620851491786756,0.019729411764705884
7.650854844116625,0.02763382352941178
7.680858196446494,0.03461911764705883
7.710861548776363,0.04031764705882353
7.7408649011062325,0.044361764705882364
7.7708682534361015,0.04693529411764706
7.800871605765971,0.04822205882352944
7.83087495809584,0.04767058823529412
7.860878310425709,0.04509705882352942
7.890881662755578,0.04142058823529414
7.920885015085447,0.036641176470588246
7.950888367415316,0.030207352941176477
7.980891719745185,0.022302941176470595
8.010895072075055,0.01384705882352942
8.040898424404924,0.00465588235294119
8.070901776734793,-0.004902941176470582
8.100905129064662,-0.014277941176470577
8.130908481394531,-0.02328529411764705
8.1609118337244,-0.03174117647058823
8.19091518605427,-0.039277941176470585
8.220918538384138,-0.04534411764705882
8.250921890714007,-0.049939705882352935
8.280925243043876,-0.05251323529411764
8.310928595373746,-0.05361617647058823
8.340931947703615,-0.0532485294117647
8.370935300033484,-0.051042647058823526
8.400938652363353,-0.04736617647058823
8.430942004693222,-0.04203529411764705
8.46094535702309,-0.03560147058823529
8.49094870935296,-0.028064705882352936
8.520952061682829,-0.019608823529411755
8.550955414012698,-0.010417647058823518
8.580958766342567,-0.0010426470588235232
8.610962118672436,0.008148529411764721
8.640965471002305,0.017155882352941187
8.670968823332174,0.025244117647058834
8.700972175662043,0.03204558823529413
8.730975527991912,0.0384794117647059
8.760978880321781,0.043075
8.79098223265165,0.04454558823529414
8.82098558498152,0.04785441176470591
8.850988937311389,0.04785441176470591
8.880992289641258,0.04730294117647062
8.910995641971127,0.04454558823529414
8.940998994300996,0.04086911764705885
8.971002346630865,0.035722058823529426
9.001005698960734,0.029288235294117657
9.031009051290603,0.02120000000000001
9.061012403620472,0.012560294117647072
9.091015755950341,0.003185294117647064
9.12101910828021,-0.0063735294117646946
9.15102246061008,-0.015564705882352939
9.181025812939948,-0.024572058823529405
9.211029165269817,-0.032844117647058815
9.241032517599686,-0.03982941176470587
9.271035869929555,-0.04589558823529411
9.301039222259424,-0.05030735294117647
9.331042574589294,-0.05251323529411764
9.361045926919163,-0.053432352941176466
9.391049279249032,-0.0526970588235294
9.4210526315789,-0.05030735294117647
9.45105598390877,-0.046079411764705876
9.481059336238639,-0.0407485294117647
9.511062688568508,-0.03431470588235293
9.541066040898377,-0.026594117647058817
9.571069393228246,-0.018138235294117643
9.601072745558115,-0.008947058823529405
9.631076097887984,0.00042794117647058927
9.661079450217853,0.00943529411764707
9.691082802547722,0.018075000000000008
9.721086154877591,0.026163235294117654
9.75108950720746,0.033148529411764716
9.78109285953733,0.038847058823529415
9.811096211867198,0.04325882352941178
9.841099564197068,0.046200000000000005
9.871102916526937,0.04730294117647062
9.901106268856806,0.047119117647058825
9.931109621186675,0.04546470588235296
9.961112973516544,0.04197205882352942
9.991116325846413,0.037008823529411775
10.021119678176282,0.030942647058823533
10.051123030506151,0.02340588235294118
10.08112638283602,0.015133823529411769
10.111129735165889,0.006126470588235303
10.141133087495758,-0.0030647058823529277
10.171136439825627,-0.012439705882352936
10.201139792155496,-0.021447058823529402
10.231143144485365,-0.029719117647058813
10.261146496815234,-0.037255882352941166
10.291149849145103,-0.043689705882352936
10.321153201474973,-0.04828529411764705
10.351156553804842,-0.051410294117647054
10.38115990613471,-0.052880882352941166
10.41116325846458,-0.0526970588235294
10.441166610794449,-0.05085882352941176
10.471169963124318,-0.047549999999999995
10.501173315454187,-0.042586764705882345
10.531176667784056,-0.036336764705882346
10.561180020113925,-0.028799999999999992
10.591183372443794,-0.02089558823529411
10.621186724773663,-0.011888235294117644
10.651190077103532,-0.0026970588235293996
10.681193429433401,0.006310294117647067
10.71119678176327,0.014950000000000005
10.74120013409314,0.023038235294117665
10.771203486423008,0.02671470588235296
10.801206838752877,0.03333235294117648
10.831210191082747,0.038847058823529415
10.861213543412616,0.043075
10.891216895742485,0.04546470588235296
10.921220248072354,0.04656764705882353
10.951223600402223,0.0463838235294118
10.981226952732092,0.04454558823529414
11.01123030506196,0.040501470588235305
11.04123365739183,0.03553823529411766
11.071237009721699,0.029104411764705893
11.101240362051568,0.02156764705882354
11.131243714381437,0.013111764705882364
11.161247066711306,0.004288235294117662
11.191250419041175,-0.005086764705882346
11.221253771371044,-0.014094117647058813
11.251257123700913,-0.022733823529411758
11.281260476030782,-0.031005882352941175
11.311263828360651,-0.03835882352941176
11.34126718069052,-0.04424117647058823
11.37127053302039,-0.04865294117647058
11.401273885350259,-0.051410294117647054
11.431277237680128,-0.05251323529411764
11.461280590009997,-0.05214558823529411
11.491283942339866,-0.05030735294117647
11.521287294669735,-0.04626323529411765
11.551290646999604,-0.04129999999999999
11.581293999329473,-0.03486617647058823
11.611297351659342,-0.02732941176470588
11.641300703989211,-0.019424999999999984
11.67130405631908,-0.010601470588235282
11.70130740864895,-0.0015941176470588153
11.731310760978818,0.007413235294117665
11.761314113308687,0.015869117647058825
11.791317465638556,0.02377352941176472
11.821320817968425,0.03075882352941177
11.851324170298295,0.03682500000000001
11.881327522628164,0.04123676470588235
11.911330874958033,0.04454558823529414
11.941334227287902,0.04583235294117648
11.97133757961777,0.046016176470588255
12.00134093194764,0.04454558823529414
12.031344284277509,0.04142058823529414
12.061347636607378,0.03682500000000001
12.091350988937247,0.030942647058823533
12.121354341267116,0.02377352941176472
12.151357693596985,0.015869117647058825
12.181361045926854,0.007413235294117665
12.211364398256723,-0.0019617647058823434
12.241367750586592,-0.011152941176470574
12.271371102916461,-0.01997647058823529
12.30137445524633,-0.028799999999999992
12.3313778075762,-0.03596911764705882
12.361381159906069,-0.04221911764705882
12.391384512235938,-0.0469985294117647
12.421387864565807,-0.0501235294117647
12.451391216895676,-0.05177794117647058
12.481394569225545,-0.051961764705882346
12.511397921555414,-0.050491176470588234
12.541401273885283,-0.0469985294117647
12.571404626215152,-0.04240294117647058
12.601407978545021,-0.036336764705882346
12.63141133087489,-0.029351470588235284
12.66141468320476,-0.021447058823529402
12.691418035534628,-0.013358823529411756
12.721421387864497,-0.008763235294117641
12.751424740194366,0.004472058823529426
12.781428092524235,0.009067647058823541
12.811431444854104,0.017155882352941187
12.841434797183974,0.024876470588235305
12.871438149513843,0.031310294117647075
12.901441501843712,0.03719264705882354
12.93144485417358,0.04142058823529414
12.96144820650345,0.044361764705882364
12.991451558833319,0.04546470588235296
13.021454911163188,0.045280882352941185
13.051458263493057,0.04381029411764707
13.081461615822926,0.04013382352941178
13.111464968152795,0.03553823529411766
13.141468320482664,0.029288235294117657
13.171471672812533,0.021935294117647067
13.201475025142402,0.014214705882352949
13.231478377472271,0.0053911764705882464
13.26148172980214,-0.00361617647058822
13.29148508213201,-0.0126235294117647
13.321488434461878,-0.021079411764705874
13.351491786791748,-0.029535294117647055
13.381495139121617,-0.03652058823529411
13.411498491451486,-0.042586764705882345
13.441501843781355,-0.04736617647058823
13.471505196111224,-0.0501235294117647
13.501508548441093,-0.05122647058823529
13.531511900770962,-0.051042647058823526
13.561515253100831,-0.04957205882352941
13.5915186054307,-0.04571176470588235
13.621521957760569,-0.04093235294117646
13.651525310090438,-0.03486617647058823
13.681528662420307,-0.027513235294117637
13.711532014750176,-0.019608823529411755
13.741535367080045,-0.010969117647058824
13.771538719409914,-0.0019617647058823434
13.801542071739783,0.006310294117647067
13.831545424069652,0.014766176470588255
13.861548776399522,0.022670588235294123
13.89155212872939,0.02947205882352942
13.92155548105926,0.035354411764705884
13.951558833389129,0.04013382352941178
13.981562185718998,0.04344264705882353
14.011565538048867,0.04491323529411764
14.041568890378736,0.04509705882352942
14.071572242708605,0.0441779411764706
14.101575595038474,0.0410529411764706
14.131578947368343,0.03682500000000001
14.161582299698212,0.031310294117647075
14.191585652028081,0.024508823529411777
14.22158900435795,0.016788235294117645
14.25159235668782,0.008332352941176485
14.281595709017688,-0.000674999999999995
14.311599061347557,-0.009498529411764697
14.341602413677426,-0.01795441176470587
14.371605766007296,-0.026594117647058817
14.401609118337165,-0.03413088235294117
14.431612470667034,-0.04056470588235293
14.461615822996903,-0.04534411764705882
14.491619175326772,-0.048469117647058815
14.52162252765664,-0.050491176470588234
14.55162587998651,-0.051042647058823526
14.581629232316379,-0.04957205882352941
14.611632584646248,-0.046447058823529404
14.641635936976117,-0.04203529411764705
14.671639289305986,-0.036152941176470575
14.701642641635855,-0.03321176470588234
14.731645993965724,-0.021998529411764695
14.761649346295593,-0.017770588235294107
14.791652698625462,-0.009682352941176461
14.821656050955331,-0.0008588235294117452
14.8516594032852,0.007780882352941179
14.88166275561507,0.01605294117647059
14.911666107944939,0.02377352941176472
14.941669460274808,0.030391176470588255
14.971672812604677,0.035722058823529426
15.001676164934546,0.04031764705882353
15.031679517264415,0.04325882352941178
15.061682869594284,0.04454558823529414
15.091686221924153,0.04454558823529414
15.121689574254022,0.043075
15.151692926583891,0.039766176470588235
15.18169627891376,0.03517058823529412
15.21169963124363,0.02947205882352942
15.241702983573498,0.0228544117647059
15.271706335903367,0.015133823529411769
15.301709688233236,0.007045588235294123
15.331713040563105,-0.0019617647058823434
15.361716392892975,-0.01078529411764706
15.391719745222844,-0.019241176470588234
15.421723097552713,-0.027513235294117637
15.451726449882582,-0.03468235294117646
15.48172980221245,-0.0407485294117647
15.51173315454232,-0.04589558823529411
15.541736506872189,-0.04865294117647058
15.571739859202058,-0.0501235294117647
15.601743211531927,-0.0501235294117647
15.631746563861796,-0.04883676470588234
15.661749916191665,-0.04534411764705882
15.691753268521534,-0.04056470588235293
15.721756620851403,-0.03468235294117646
15.751759973181272,-0.027697058823529408
15.781763325511141,-0.01997647058823529
15.81176667784101,-0.01170441176470588
15.84177003017088,-0.003248529411764692
15.871773382500749,0.0053911764705882464
15.901776734830618,0.013663235294117657
15.931780087160487,0.02156764705882354
15.961783439490356,0.028369117647058836
15.991786791820225,0.0342514705882353
16.021790144150096,0.038663235294117665
16.051793496479966,0.04178823529411767
16.081796848809837,0.04344264705882353
16.111800201139708,0.04381029411764707
16.14180355346958,0.04270735294117649
16.17180690579945,0.03995000000000003
16.20181025812932,0.03608970588235294
16.23181361045919,0.03112647058823531
16.261816962789062,0.02469264705882354
16.291820315118933,0.017155882352941187
16.321823667448804,0.009067647058823541
16.351827019778675,0.00042794117647058927
16.381830372108546,-0.0083955882352941
16.411833724438416,-0.016851470588235287
16.441837076768287,-0.02530735294117646
16.471840429098158,-0.03266029411764705
16.50184378142803,-0.03891029411764705
16.5318471337579,-0.043505882352941165
16.56185048608777,-0.04736617647058823
16.59185383841764,-0.04920441176470587
16.621857190747512,-0.04975588235294117
16.651860543077383,-0.04883676470588234
16.681863895407254,-0.047549999999999995
16.711867247737125,-0.044057352941176464
16.741870600066996,-0.039277941176470585
16.771873952396867,-0.03321176470588234
16.801877304726737,-0.02622647058823529
16.831880657056608,-0.018689705882352928
16.86188400938648,-0.010417647058823518
16.89188736171635,-0.0015941176470588153
16.92189071404622,0.006677941176470595
16.95189406637609,0.014766176470588255
16.981897418705962,0.02248676470588236
17.011900771035833,0.02892058823529413
17.041904123365704,0.03461911764705883
17.071907475695575,0.03903088235294119
17.101910828025446,0.04197205882352942
17.131914180355317,0.04325882352941178
17.161917532685187,0.04325882352941178
17.191920885015058,0.04215588235294118
17.22192423734493,0.03903088235294119
17.2519275896748,0.03498676470588237
17.28193094200467,0.029655882352941185
17.31193429433454,0.023038235294117665
17.341937646664412,0.015501470588235311
17.371940998994283,0.007413235294117665
17.401944351324154,-0.0014102941176470513
17.431947703654025,-0.010050000000000003
17.461951055983896,-0.018322058823529407
17.491954408313767,-0.026410294117647053
17.521957760643637,-0.03321176470588234
17.55196111297351,-0.03964558823529411
17.58196446530338,-0.044425
17.61196781763325,-0.04736617647058823
17.64197116996312,-0.049020588235294114
17.67197452229299,-0.04920441176470587
17.701977874622862,-0.04791764705882352
17.731981226952733,-0.04479264705882353
17.761984579282604,-0.04038088235294117
17.791987931612475,-0.03486617647058823
17.821991283942346,-0.0282485294117647
17.851994636272217,-0.020711764705882346
17.881997988602087,-0.0126235294117647
17.91200134093196,-0.004167647058823526
17.94200469326183,0.004288235294117662
17.9720080455917,0.012376470588235308
18.00201139792157,0.020097058823529426
18.03201475025144,0.02689852941176471
18.062018102581312,0.03278088235294119
18.092021454911183,0.0373764705882353
18.122024807241054,0.04086911764705885
18.152028159570925,0.04233970588235296
18.182031511900796,0.04289117647058825
18.212034864230667,0.04215588235294118
18.242038216560537,0.039582352941176485
18.27204156889041,0.03608970588235294
18.30204492122028,0.030942647058823533
18.33204827355015,0.02469264705882354
18.36205162588002,0.017523529411764716
18.39205497820989,0.009619117647058834
18.422058330539762,0.0013470588235294234
18.452061682869633,-0.007292647058823515
18.482065035199504,-0.015564705882352939
18.512068387529375,-0.023652941176470585
18.542071739859246,-0.031189705882352932
18.572075092189117,-0.037623529411764695
18.602078444518988,-0.04277058823529411
18.63208179684886,-0.044425
18.66208514917873,-0.04773382352941176
18.6920885015086,-0.04883676470588234
18.72209185383847,-0.04865294117647058
18.75209520616834,-0.0469985294117647
18.782098558498213,-0.043505882352941165
18.812101910828083,-0.03891029411764705
18.842105263157954,-0.03321176470588234
18.872108615487825,-0.026594117647058817
18.902111967817696,-0.018689705882352928
18.932115320147567,-0.01078529411764706
18.962118672477438,-0.0023294117647058715
18.99212202480731,0.005942647058823539
19.02212537713718,0.01384705882352942
19.05212872946705,0.02120000000000001
19.08213208179692,0.02781764705882353
19.11213543412679,0.03333235294117648
19.142138786456663,0.037927941176470595
19.172142138786533,0.04068529411764707
19.202145491116404,0.04215588235294118
19.232148843446275,0.04233970588235296
19.262152195776146,0.04123676470588235
19.292155548106017,0.03829558823529412
19.322158900435888,0.034435294117647064
19.35216225276576,0.02947205882352942
19.38216560509563,0.023038235294117665
19.4121689574255,0.015685294117647075
19.44217230975537,0.007780882352941179
19.47217566208524,-0.00030735294117646694
19.502179014415113,-0.00913088235294117
19.532182366744983,-0.017402941176470586
19.562185719074854,-0.025123529411764697
19.592189071404725,-0.03266029411764705
19.622192423734596,-0.03891029411764705
19.652195776064467,-0.04313823529411764
19.682199128394338,-0.04626323529411765
19.71220248072421,-0.04810147058823529
19.74220583305408,-0.048469117647058815
19.77220918538395,-0.04718235294117647
19.80221253771382,-0.04424117647058823
19.832215890043692,-0.04056470588235293
19.862219242373563,-0.03468235294117646
19.892222594703433,-0.028064705882352936
19.922225947033304,-0.020711764705882346
19.952229299363175,-0.012991176470588228
19.982232651693046,-0.004902941176470582
20.012236004022917,0.003552941176470606
20.042239356352788,0.011825000000000016
20.07224270868266,0.01936176470588237
20.10224606101253,0.026163235294117654
20.1322494133424,0.03186176470588237
20.16225276567227,0.036641176470588246
20.192256118002142,0.039766176470588235
20.222259470332013,0.04142058823529414
20.252262822661883,0.04215588235294118
20.282266174991754,0.04123676470588235
20.312269527321625,0.03921470588235296
20.342272879651496,0.035354411764705884
20.372276231981367,0.030575000000000005
20.402279584311238,0.024876470588235305
20.43228293664111,0.018075000000000008
20.46228628897098,0.01035441176470589
20.49228964130085,0.0022661764705882437
20.52229299363072,-0.0061897058823529305
20.552296345960592,-0.014461764705882355
20.582299698290463,-0.022366176470588223
20.612303050620334,-0.026042647058823518
20.642306402950204,-0.03596911764705882
20.672309755280075,-0.038726470588235286
20.702313107609946,-0.043505882352941165
20.732316459939817,-0.04626323529411765
20.762319812269688,-0.04773382352941176
20.79232316459956,-0.04773382352941176
20.82232651692943,-0.046447058823529404
20.8523298692593,-0.04313823529411764
20.88233322158917,-0.03891029411764705
20.912336573919042,-0.032844117647058815
20.942339926248913,-0.026410294117647053
20.972343278578784,-0.0188735294117647
21.002346630908654,-0.010969117647058824
21.032349983238525,-0.0028808823529411637
21.062353335568396,0.0053911764705882464
21.092356687898267,0.013295588235294128
21.122360040228138,0.02028088235294119
21.15236339255801,0.02689852941176471
21.18236674488788,0.032413235294117645
21.21237009721775,0.036641176470588246
21.24237344954762,0.039766176470588235
21.272376801877492,0.04123676470588235
21.302380154207363,0.04142058823529414
21.332383506537234,0.04068529411764707
21.362386858867104,0.03811176470588236
21.392390211196975,0.034435294117647064
21.422393563526846,0.029288235294117657
21.452396915856717,0.023038235294117665
21.482400268186588,0.01605294117647059
21.51240362051646,0.008516176470588235
21.54240697284633,0.0006117647058823672
21.5724103251762,-0.007660294117647043
21.60241367750607,-0.015932352941176467
21.632417029835942,-0.023836764705882342
21.662420382165813,-0.031189705882352932
21.692423734495684,-0.03743970588235294
21.722427086825554,-0.04221911764705882
21.752430439155425,-0.045160294117647055
21.782433791485296,-0.04681470588235293
21.812437143815167,-0.047549999999999995
21.842440496145038,-0.046630882352941175
21.87244384847491,-0.0438735294117647
21.90244720080478,-0.03964558823529411
21.93245055313465,-0.0344985294117647
21.96245390546452,-0.028064705882352936
21.992457257794392,-0.021079411764705874
22.022460610124263,-0.01354264705882352
22.052463962454134,-0.00527058823529411
22.082467314784004,0.0030014705882353
22.112470667113875,0.010905882352941196
22.142474019443746,0.01844264705882355
22.172477371773617,0.024876470588235305
22.202480724103488,0.030575000000000005
22.23248407643336,0.035354411764705884
22.26248742876323,0.038847058823529415
22.2924907810931,0.04068529411764707
22.32249413342297,0.04142058823529414
22.352497485752842,0.04068529411764707
22.382500838082713,0.038663235294117665
22.412504190412584,0.03498676470588237
22.442507542742455,0.030391176470588255
22.472510895072325,0.02469264705882354
22.502514247402196,0.018075000000000008
22.532517599732067,0.014398529411764713
22.562520952061938,0.0024500000000000077
22.59252430439181,-0.0015941176470588153
22.62252765672168,-0.009866176470588225
22.65253100905155,-0.01795441176470587
22.68253436138142,-0.02530735294117646
22.712537713711292,-0.03210882352941176
22.742541066041163,-0.03799117647058822
22.772544418371034,-0.04277058823529411
22.802547770700905,-0.04534411764705882
22.832551123030775,-0.04681470588235293
22.862554475360646,-0.04681470588235293
22.892557827690517,-0.045527941176470584
22.922561180020388,-0.042586764705882345
22.95256453235026,-0.037807352941176466
22.98256788468013,-0.03247647058823529
23.01257123701,-0.02585882352941176
23.04257458933987,-0.018689705882352928
23.072577941669742,-0.010969117647058824
23.102581293999613,-0.0030647058823529277
23.132584646329484,0.00483970588235294
23.162587998659355,0.012560294117647072
23.192591350989225,0.019729411764705884
23.222594703319096,0.02597941176470589
23.252598055648967,0.031310294117647075
23.282601407978838,0.035722058823529426
23.31260476030871,0.038663235294117665
23.34260811263858,0.04013382352941178
23.37261146496845,0.04068529411764707
23.40261481729832,0.03995000000000003
23.432618169628192,0.0373764705882353
23.462621521958063,0.03388382352941177
23.492624874287934,0.029104411764705893
23.522628226617805,0.023038235294117665
23.552631578947675,0.016236764705882367
23.582634931277546,0.008516176470588235
23.612638283607417,0.0006117647058823672
23.642641635937288,-0.007476470588235279
23.67264498826716,-0.015564705882352939
23.70264834059703,-0.02328529411764705
23.7326516929269,-0.030086764705882348
23.76265504525677,-0.036336764705882346
23.792658397586642,-0.04111617647058823
23.822661749916513,-0.04424117647058823
23.852665102246384,-0.046079411764705876
23.882668454576255,-0.046447058823529404
23.912671806906125,-0.045527941176470584
23.942675159235996,-0.04295441176470588
23.972678511565867,-0.038726470588235286
24.002681863895738,-0.03357941176470587
24.03268521622561,-0.02732941176470588
24.06268856855548,-0.02089558823529411
24.09269192088535,-0.013358823529411756
24.12269527321522,-0.00527058823529411
24.152698625545092,0.0028176470588235497
24.182701977874963,0.010722058823529418
24.212705330204834,0.018075000000000008
24.242708682534705,0.024325000000000013
24.272712034864576,0.030023529411764713
24.302715387194446,0.03461911764705883
24.332718739524317,0.037927941176470595
24.362722091854188,0.039766176470588235
24.39272544418406,0.040501470588235305
24.42272879651393,0.04013382352941178
24.4527321488438,0.03811176470588236
24.48273550117367,0.034435294117647064
24.512738853503542,0.03259705882352942
24.542742205833413,0.027450000000000016
24.572745558163284,0.021383823529411775
24.602748910493155,0.014582352941176477
24.632752262823026,0.006677941176470595
24.662755615152896,-0.0012264705882352872
24.692758967482767,-0.009314705882352933
24.722762319812638,-0.017402941176470586
24.75276567214251,-0.02475588235294117
24.78276902447238,-0.0313735294117647
24.81277237680225,-0.03688823529411764
24.84277572913212,-0.04111617647058823
24.872779081461992,-0.044057352941176464
24.902782433791863,-0.045527941176470584
24.932785786121734,-0.045527941176470584
24.962789138451605,-0.044425
24.992792490781476,-0.04148382352941176
25.022795843111346,-0.037255882352941166
25.052799195441217,-0.03229264705882352
25.082802547771088,-0.02567499999999999
25.11280590010096,-0.018505882352941164
25.14280925243083,-0.010601470588235282
25.1728126047607,-0.0028808823529411637
25.20281595709057,0.00483970588235294
25.232819309420442,0.012560294117647072
25.262822661750313,0.01936176470588237
25.292826014080184,0.02561176470588236
25.322829366410055,0.030942647058823533
25.352832718739926,0.03517058823529412
25.382836071069796,0.037744117647058845
25.412839423399667,0.03939852941176471
25.442842775729538,0.039766176470588235
25.47284612805941,0.03921470588235296
25.50284948038928,0.036641176470588246
25.53285283271915,0.033148529411764716
25.56285618504902,0.0285529411764706
25.592859537378892,0.0228544117647059
25.622862889708763,0.016236764705882367
25.652866242038634,0.008883823529411777
25.682869594368505,0.0009794117647058953
25.712872946698376,-0.007108823529411765
25.742876299028246,-0.015013235294117633
25.772879651358117,-0.022733823529411758
25.802883003687988,-0.029535294117647055
25.83288635601786,-0.035233823529411755
25.86288970834773,-0.03964558823529411
25.8928930606776,-0.04295441176470588
25.92289641300747,-0.04479264705882353
25.952899765337342,-0.04534411764705882
25.982903117667213,-0.044057352941176464
26.012906469997084,-0.04185147058823529
26.042909822326955,-0.037807352941176466
26.072913174656826,-0.032844117647058815
26.102916526986697,-0.02677794117647058
26.132919879316567,-0.020344117647058818
26.162923231646438,-0.012991176470588228
26.19292658397631,-0.00527058823529411
26.22292993630618,0.0024500000000000077
26.25293328863605,0.009986764705882362
26.28293664096592,0.017155882352941187
26.312939993295792,0.023589705882352957
26.342943345625663,0.029104411764705893
26.372946697955534,0.03370000000000001
26.402950050285405,0.037008823529411775
26.432953402615276,0.038663235294117665
26.462956754945147,0.039582352941176485
26.492960107275017,0.03939852941176471
26.522963459604888,0.03829558823529412
26.55296681193476,0.035722058823529426
26.58297016426463,0.03186176470588237
26.6129735165945,0.02689852941176471
26.64297686892437,0.021016176470588246
26.672980221254242,0.014398529411764713
26.702983573584113,0.006677941176470595
26.732986925913984,-0.0010426470588235232
26.762990278243855,-0.008947058823529405
26.792993630573726,-0.016667647058823516
26.822996982903597,-0.023836764705882342
26.853000335233467,-0.03063823529411764
26.88300368756334,-0.036152941176470575
26.91300703989321,-0.040197058823529405
26.94301039222308,-0.04313823529411764
26.97301374455295,-0.044608823529411756
27.00301709688282,-0.04479264705882353
27.033020449212692,-0.043505882352941165
27.063023801542563,-0.04093235294117646
27.093027153872434,-0.03652058823529411
27.123030506202305,-0.03174117647058823
27.153033858532176,-0.025491176470588232
27.183037210862047,-0.018322058823529407
27.213040563191917,-0.01078529411764706
27.24304391552179,-0.003248529411764692
27.27304726785166,0.00465588235294119
27.30305062018153,0.01219264705882353
27.3330539725114,0.018994117647058828
27.36305732484127,0.025244117647058834
27.393060677171142,0.030391176470588255
27.423064029501013,0.03461911764705883
27.453067381830884,0.03719264705882354
27.483070734160755,0.038847058823529415
27.513074086490626,0.03939852941176471
27.543077438820497,0.03829558823529412
27.573080791150367,0.03627352941176472
27.60308414348024,0.03259705882352942
27.63308749581011,0.028001470588235308
27.66309084813998,0.022302941176470595
27.69309420046985,0.015869117647058825
27.72309755279972,0.008883823529411777
27.753100905129592,0.0011632352941176455
27.783104257459463,-0.006924999999999987
27.813107609789334,-0.014645588235294119
27.843110962119205,-0.021998529411764695
27.873114314449076,-0.028616176470588228
27.903117666778947,-0.03468235294117646
27.933121019108818,-0.039277941176470585
27.96312437143869,-0.04240294117647058
27.99312772376856,-0.044425
28.02313107609843,-0.04479264705882353
28.0531344284283,-0.044057352941176464
28.08313778075817,-0.04166764705882352
28.113141133088043,-0.037807352941176466
28.143144485417913,-0.032844117647058815
28.173147837747784,-0.026594117647058817
28.203151190077655,-0.01997647058823529
28.233154542407526,-0.0126235294117647
28.263157894737397,-0.005086764705882346
28.293161247067268,0.0024500000000000077
28.32316459939714,0.009986764705882362
28.35316795172701,0.016972058823529423
28.38317130405688,0.023222058823529415
28.41317465638675,0.0285529411764706
28.44317800871662,0.03112647058823531
28.473181361046493,0.03627352941176472
28.503184713376363,0.0373764705882353
28.533188065706234,0.038663235294117665
28.563191418036105,0.038847058823529415
28.593194770365976,0.03756029411764707
28.623198122695847,0.03498676470588237
28.653201475025718,0.031310294117647075
28.68320482735559,0.026347058823529418
28.71320817968546,0.02064852941176472
28.74321153201533,0.014214705882352949
28.7732148843452,0.006677941176470595
28.80321823667507,-0.0010426470588235232
28.833221589004943,-0.008763235294117641
28.863224941334813,-0.016299999999999995
28.893228293664684,-0.023469117647058814
28.923231645994555,-0.029902941176470584
28.953234998324426,-0.03541764705882352
28.983238350654297,-0.03982941176470587
29.013241702984168,-0.042586764705882345
29.04324505531404,-0.044057352941176464
29.07324840764391,-0.044057352941176464
29.10325175997378,-0.04295441176470588
29.13325511230365,-0.040197058823529405
29.163258464633522,-0.03596911764705882
29.193261816963393,-0.031189705882352932
29.223265169293263,-0.024939705882352933
29.253268521623134,-0.018138235294117643
29.283271873953005,-0.01078529411764706
29.313275226282876,-0.003248529411764692
29.343278578612747,0.004288235294117662
29.373281930942618,0.011641176470588252
29.40328528327249,0.018258823529411772
29.43328863560236,0.024325000000000013
29.46329198793223,0.02947205882352942
29.4932953402621,0.03388382352941177
29.523298692591972,0.03682500000000001
29.553302044921843,0.03811176470588236
29.583305397251713,0.038663235294117665
29.613308749581584,0.037927941176470595
29.643312101911455,0.035722058823529426
29.673315454241326,0.03204558823529413
29.703318806571197,0.027450000000000016
29.733322158901068,0.021751470588235303
29.76332551123094,0.015317647058823533
29.79332886356081,0.008148529411764721
29.82333221589068,0.0006117647058823672
29.85333556822055,-0.007108823529411765
29.883338920550422,-0.014645588235294119
29.913342272880293,-0.021998529411764695
29.943345625210164,-0.028432352941176464
29.973348977540034,-0.03413088235294117
30.003352329869905,-0.03891029411764705
30.033355682199776,-0.04166764705882352
30.063359034529647,-0.04332205882352941
30.093362386859518,-0.0438735294117647
30.12336573918939,-0.04295441176470588
30.15336909151926,-0.04056470588235293
30.18337244384913,-0.03688823529411764
30.213375796179,-0.03210882352941176
30.243379148508872,-0.02585882352941176
30.273382500838743,-0.019424999999999984
30.303385853168614,-0.012439705882352936
30.333389205498484,-0.004902941176470582
30.363392557828355,-0.0010426470588235232
30.393395910158226,0.009802941176470598
30.423399262488097,0.013295588235294128
30.453402614817968,0.019913235294117662
30.48340596714784,0.02579558823529414
30.51340931947771,0.030575000000000005
30.54341267180758,0.034435294117647064
30.57341602413745,0.03682500000000001
30.603419376467322,0.03811176470588236
30.633422728797193,0.03829558823529412
30.663426081127064,0.03719264705882354
30.693429433456934,0.03461911764705883
30.723432785786805,0.03075882352941177
30.753436138116676,0.02597941176470589
30.783439490446547,0.020097058823529426
30.813442842776418,0.013479411764705893
30.84344619510629,0.006126470588235303
30.87344954743616,-0.0014102941176470513
30.90345289976603,-0.00913088235294117
30.9334562520959,-0.016667647058823516
30.963459604425772,-0.023101470588235286
30.993462956755643,-0.029351470588235284
31.023466309085514,-0.0344985294117647
31.053469661415384,-0.038726470588235286
31.083473013745255,-0.04148382352941176
31.113476366075126,-0.04295441176470588
31.143479718404997,-0.04332205882352941
31.173483070734868,-0.04203529411764705
31.20348642306474,-0.039277941176470585
31.23348977539461,-0.03504999999999999
31.26349312772448,-0.03027058823529411
31.29349648005435,-0.024020588235294113
31.323499832384222,-0.017402941176470586
31.353503184714093,-0.010233823529411754
31.383506537043964,-0.0028808823529411637
31.413509889373834,0.00465588235294119
31.443513241703705,0.011825000000000016
31.473516594033576,0.018258823529411772
31.503519946363447,0.024325000000000013
31.533523298693318,0.029288235294117657
31.56352665102319,0.033516176470588244
31.59353000335306,0.03608970588235294
31.62353335568293,0.03756029411764707
31.6535367080128,0.037927941176470595
31.683540060342672,0.03719264705882354
31.713543412672543,0.035354411764705884
31.743546765002414,0.031494117647058825
31.773550117332285,0.027082352941176474
31.803553469662155,0.021935294117647067
31.833556821992026,0.015317647058823533
31.863560174321897,0.008148529411764721
31.893563526651768,0.0007955882352941313
31.92356687898164,-0.006741176470588223
31.95357023131151,-0.014277941176470577
31.98357358364138,-0.02126323529411764
32.01357693597125,-0.027697058823529408
32.04358028830112,-0.03339558823529411
32.07358364063099,-0.038174999999999994
32.103586992960864,-0.04111617647058823
32.133590345290735,-0.04277058823529411
32.163593697620605,-0.04313823529411764
32.193597049950476,-0.04203529411764705
32.22360040228035,-0.03982941176470587
32.25360375461022,-0.036152941176470575
32.28360710694009,-0.031189705882352932
32.31361045926996,-0.02530735294117646
32.34361381159983,-0.022182352941176466
32.3736171639297,-0.011888235294117644
32.40362051625957,-0.008211764705882335
32.43362386858944,-0.0008588235294117452
32.463627220919314,0.006494117647058845
32.493630573249185,0.013479411764705893
32.523633925579055,0.019729411764705884
32.553637277908926,0.02561176470588236
32.5836406302388,0.030391176470588255
32.61364398256867,0.03406764705882355
32.64364733489854,0.03627352941176472
32.67365068722841,0.03756029411764707
32.70365403955828,0.03756029411764707
32.73365739188815,0.03645735294117648
32.76366074421802,0.03388382352941177
32.79366409654789,0.030207352941176477
32.823667448877764,0.025427941176470598
32.853670801207635,0.019729411764705884
32.883674153537505,0.013111764705882364
32.913677505867376,0.005942647058823539
32.94368085819725,-0.0014102941176470513
32.97368421052712,-0.008763235294117641
33.00368756285699,-0.01611617647058823
33.03369091518686,-0.022917647058823522
33.06369426751673,-0.028983823529411756
33.0936976198466,-0.03431470588235293
33.12370097217647,-0.038174999999999994
33.15370432450634,-0.0407485294117647
33.183707676836214,-0.04221911764705882
33.213711029166085,-0.04221911764705882
33.243714381495955,-0.04093235294117646
33.273717733825826,-0.038174999999999994
33.3037210861557,-0.0339470588235294
33.33372443848557,-0.029351470588235284
33.36372779081544,-0.02328529411764705
33.39373114314531,-0.016667647058823516
33.42373449547518,-0.009498529411764697
33.45373784780505,-0.0023294117647058715
33.48374120013492,0.005207352941176482
33.51374455246479,0.01219264705882353
33.543747904794664,0.0186264705882353
33.573751257124535,0.024508823529411777
33.603754609454406,0.029288235294117657
33.633757961784276,0.03296470588235295
33.66376131411415,0.03590588235294119
33.69376466644402,0.03719264705882354
33.72376801877389,0.0373764705882353
33.75377137110376,0.036641176470588246
33.78377472343363,0.03461911764705883
33.8137780757635,0.030942647058823533
33.84378142809337,0.026347058823529418
33.87378478042324,0.021016176470588246
33.903788132753114,0.014582352941176477
33.933791485082985,0.007780882352941179
33.963794837412856,0.00024411764705882522
33.993798189742726,-0.007292647058823515
34.0238015420726,-0.014461764705882355
34.05380489440247,-0.021079411764705874
34.08380824673234,-0.02732941176470588
34.11381159906221,-0.03266029411764705
34.14381495139208,-0.03688823529411764
34.17381830372195,-0.04001323529411764
34.20382165605182,-0.04166764705882352
34.23382500838169,-0.04203529411764705
34.263828360711564,-0.04093235294117646
34.293831713041435,-0.03854264705882352
34.323835065371306,-0.03504999999999999
34.353838417701176,-0.03266029411764705
34.38384177003105,-0.027697058823529408
34.41384512236092,-0.02126323529411764
34.44384847469079,-0.014645588235294119
34.47385182702066,-0.007476470588235279
34.50385517935053,-0.000123529411764689
34.5338585316804,0.007045588235294123
34.56386188401027,0.01384705882352942
34.59386523634014,0.02028088235294119
34.623868588670014,0.02579558823529414
34.653871940999885,0.030207352941176477
34.683875293329756,0.033516176470588244
34.713878645659626,0.03590588235294119
34.7438819979895,0.03719264705882354
34.77388535031937,0.037008823529411775
34.80388870264924,0.03590588235294119
34.83389205497911,0.03333235294117648
34.86389540730898,0.029288235294117657
34.89389875963885,0.02469264705882354
34.92390211196872,0.018994117647058828
34.95390546429859,0.012744117647058836
34.983908816628464,0.0057588235294117746
35.013912168958335,-0.0017779411764705794
35.043915521288206,-0.00913088235294117
35.07391887361808,-0.016299999999999995
35.10392222594795,-0.022917647058823522
35.13392557827782,-0.028983823529411756
35.16392893060769,-0.0339470588235294
35.19393228293756,-0.037807352941176466
35.22393563526743,-0.04038088235294117
35.2539389875973,-0.04166764705882352
35.28394233992717,-0.04148382352941176
35.31394569225704,-0.04001323529411764
35.343949044586914,-0.037255882352941166
35.373952396916785,-0.03321176470588234
35.403955749246656,-0.028064705882352936
35.43395910157653,-0.022182352941176466
35.4639624539064,-0.015564705882352939
35.49396580623627,-0.008579411764705877
35.52396915856614,-0.0014102941176470513
35.55397251089601,0.0057588235294117746
35.58397586322588,0.012560294117647072
35.61397921555575,0.018994117647058828
35.64398256788562,0.02469264705882354
35.67398592021549,0.029288235294117657
35.703989272545364,0.03278088235294119
35.733992624875235,0.035354411764705884
35.763995977205106,0.03682500000000001
35.79399932953498,0.037008823529411775
35.82400268186485,0.03608970588235294
35.85400603419472,0.03370000000000001
35.88400938652459,0.030207352941176477
35.91401273885446,0.02561176470588236
35.94401609118433,0.02028088235294119
35.9740194435142,0.014030882352941185
36.00402279584407,0.007413235294117665
36.03402614817394,-0.000123529411764689
36.064029500503814,-0.007476470588235279
36.094032852833685,-0.014645588235294119
36.124036205163556,-0.02126323529411764
36.15403955749343,-0.027513235294117637
36.1840429098233,-0.03247647058823529
36.21404626215317,-0.0370720588235294
36.24404961448304,-0.03964558823529411
36.27405296681291,-0.04038088235294117
36.30405631914278,-0.04129999999999999
36.33405967147265,-0.04093235294117646
36.36406302380252,-0.039277941176470585
36.39406637613239,-0.03596911764705882
36.424069728462264,-0.03155735294117646
36.454073080792135,-0.026410294117647053
36.484076433122006,-0.020344117647058818
36.51407978545188,-0.013726470588235298
36.54408313778175,-0.006557352941176459
36.57408649011162,0.0006117647058823672
36.60408984244149,0.007597058823529415
36.63409319477136,0.014214705882352949
36.66409654710123,0.02046470588235294
36.6940998994311,0.02579558823529414
36.72410325176097,0.030391176470588255
36.75410660409084,0.03333235294117648
36.784109956420714,0.03590588235294119
36.814113308750585,0.036641176470588246
36.844116661080456,0.036641176470588246
36.87412001341033,0.035354411764705884
36.9041233657402,0.032413235294117645
36.93412671807007,0.02892058823529413
36.96413007039994,0.024141176470588235
36.99413342272981,0.01844264705882355
37.02413677505968,0.01200882352941178
37.05414012738955,0.0053911764705882464
37.08414347971942,-0.0021455882352941075
37.11414683204929,-0.009498529411764697
37.144150184379164,-0.016299999999999995
37.174153536709035,-0.022733823529411758
37.204156889038906,-0.029167647058823527
37.23416024136878,-0.03357941176470587
37.26416359369865,-0.037255882352941166
37.29416694602852,-0.03982941176470587
37.32417029835839,-0.04093235294117646
37.35417365068826,-0.0407485294117647
37.38417700301813,-0.039277941176470585
37.414180355348,-0.036336764705882346
37.44418370767787,-0.03210882352941176
37.47418706000774,-0.02732941176470588
37.504190412337614,-0.021447058823529402
37.534193764667485,-0.015013235294117633
37.564197116997356,-0.008211764705882335
37.59420046932723,-0.0010426470588235232
37.6242038216571,0.005942647058823539
37.65420717398697,0.012744117647058836
37.68421052631684,0.018994117647058828
37.71421387864671,0.024508823529411777
37.74421723097658,0.029104411764705893
37.77422058330645,0.032413235294117645
37.80422393563632,0.03498676470588237
37.83422728796619,0.03627352941176472
37.864230640296064,0.03645735294117648
37.894233992625935,0.03553823529411766
37.924237344955806,0.033148529411764716
37.95424069728568,0.02947205882352942
37.98424404961555,0.024876470588235305
38.01424740194542,0.01954558823529412
38.04425075427529,0.013295588235294128
38.07425410660516,0.006677941176470595
38.10425745893503,-0.000491176470588231
38.1342608112649,-0.007660294117647043
38.16426416359477,-0.014829411764705869
38.19426751592464,-0.021447058823529402
38.224270868254514,-0.02732941176470588
38.254274220584385,-0.030086764705882348
38.284277572914256,-0.036336764705882346
38.31428092524413,-0.037807352941176466
38.344284277574,-0.03982941176470587
38.37428762990387,-0.0407485294117647
38.40429098223374,-0.04001323529411764
38.43429433456361,-0.03835882352941176
38.46429768689348,-0.03541764705882352
38.49430103922335,-0.030822058823529404
38.52430439155322,-0.02567499999999999
38.55430774388309,-0.019608823529411755
38.584311096212964,-0.012991176470588228
38.614314448542835,-0.005822058823529402
38.644317800872706,0.0011632352941176455
38.67432115320258,0.007964705882352957
38.70432450553245,0.014582352941176477
38.73432785786232,0.020832352941176482
38.76433121019219,0.02579558823529414
38.79433456252206,0.030023529411764713
38.82433791485193,0.033148529411764716
38.8543412671818,0.03517058823529412
38.88434461951167,0.03627352941176472
38.91434797184154,0.03608970588235294
38.944351324171414,0.034802941176470606
38.974354676501285,0.03186176470588237
39.004358028831156,0.0285529411764706
39.03436138116103,0.023589705882352957
39.0643647334909,0.017891176470588244
39.09436808582077,0.011457352941176474
39.12437143815064,0.00483970588235294
39.15437479048051,-0.0026970588235293996
39.18437814281038,-0.010050000000000003
39.21438149514025,-0.016667647058823516
39.24438484747012,-0.022917647058823522
39.27438819979999,-0.028616176470588228
39.304391552129864,-0.03339558823529411
39.334394904459735,-0.03688823529411764
39.364398256789606,-0.039277941176470585
39.39440160911948,-0.040197058823529405
39.42440496144935,-0.04001323529411764
39.45440831377922,-0.03854264705882352
39.48441166610909,-0.03578529411764705
39.51441501843896,-0.031924999999999995
39.54441837076883,-0.026961764705882345
39.5744217230987,-0.021079411764705874
39.60442507542857,-0.014645588235294119
39.63442842775844,-0.00784411764705882
39.664431780088314,-0.0008588235294117452
39.694435132418185,0.006310294117647067
39.724438484748056,0.0129279411764706
39.75444183707793,0.019177941176470606
39.7844451894078,0.024508823529411777
39.81444854173767,0.029104411764705893
39.84445189406754,0.032413235294117645
39.87445524639741,0.03498676470588237
39.90445859872728,0.03608970588235294
39.93446195105715,0.03608970588235294
39.96446530338702,0.03517058823529412
39.994468655716894,0.03278088235294119
40.024472008046764,0.029104411764705893
40.054475360376635,0.024508823529411777
40.084478712706506,0.019177941176470606
40.11448206503638,0.012744117647058836
40.14448541736625,0.006310294117647067
40.17448876969612,-0.0008588235294117452
40.20449212202599,-0.008027941176470585
40.23449547435586,-0.014829411764705869
40.26449882668573,-0.018322058823529407
40.2945021790156,-0.02438823529411764
40.32450553134547,-0.029719117647058813
40.354508883675344,-0.03413088235294117
40.384512236005214,-0.037255882352941166
40.414515588335085,-0.039094117647058814
40.444518940664956,-0.03982941176470587
40.47452229299483,-0.03946176470588234
40.5045256453247,-0.03743970588235294
40.53452899765457,-0.03431470588235293
40.56453234998444,-0.029902941176470584
40.59453570231431,-0.02475588235294117
40.62453905464418,-0.018689705882352928
40.65454240697405,-0.012255882352941172
40.68454575930392,-0.00545441176470586
40.714549111633794,0.0015308823529411875
40.744552463963664,0.008332352941176485
40.774555816293535,0.014766176470588255
40.804559168623406,0.02064852941176472
40.83456252095328,0.02579558823529414
40.86456587328315,0.030023529411764713
40.89456922561302,0.03296470588235295
40.92457257794289,0.03498676470588237
40.95457593027276,0.03590588235294119
40.98457928260263,0.035722058823529426
41.0145826349325,0.0342514705882353
41.04458598726237,0.03167794117647059
41.074589339592244,0.02763382352941178
41.104592691922115,0.0228544117647059
41.134596044251985,0.01733970588235295
41.164599396581856,0.01108970588235296
41.19460274891173,0.004104411764705884
41.2246061012416,-0.0028808823529411637
41.25460945357147,-0.009866176470588225
41.28461280590134,-0.01648382352941176
41.31461615823121,-0.022733823529411758
41.34461951056108,-0.028616176470588228
41.37462286289095,-0.03302794117647058
41.40462621522082,-0.036336764705882346
41.434629567550694,-0.03854264705882352
41.464632919880565,-0.03964558823529411
41.494636272210435,-0.039277941176470585
41.524639624540306,-0.037623529411764695
41.55464297687018,-0.03468235294117646
41.58464632920005,-0.030822058823529404
41.61464968152992,-0.02567499999999999
41.64465303385979,-0.019608823529411755
41.67465638618966,-0.013358823529411756
41.70465973851953,-0.006557352941176459
41.7346630908494,6.029411764707504e-05
41.76466644317927,0.006861764705882359
41.794669795509144,0.013479411764705893
41.824673147839015,0.01936176470588237
41.854676500168885,0.024508823529411777
41.884679852498756,0.02892058823529413
41.91468320482863,0.03186176470588237
41.9446865571585,0.0342514705882353
41.97468990948837,0.035354411764705884
42.00469326181824,0.035354411764705884
42.03469661414811,0.0342514705882353
42.06469996647798,0.03167794117647059
42.09470331880785,0.028369117647058836
42.12470667113772,0.023589705882352957
42.154710023467594,0.01844264705882355
42.184713375797465,0.015317647058823533
42.214716728127335,0.0055750000000000105
42.244720080457206,0.0020823529411764796
42.27472343278708,-0.004902941176470582
42.30472678511695,-0.01170441176470588
42.33473013744682,-0.018322058823529407
42.36473348977669,-0.024572058823529405
42.39473684210656,-0.029535294117647055
42.42474019443643,-0.0339470588235294
42.4547435467663,-0.0370720588235294
42.48474689909617,-0.038726470588235286
42.514750251426044,-0.039094117647058814
42.544753603755915,-0.038726470588235286
42.574756956085785,-0.03688823529411764
42.604760308415656,-0.03357941176470587
42.63476366074553,-0.029167647058823527
42.6647670130754,-0.024020588235294113
42.69477036540527,-0.01795441176470587
42.72477371773514,-0.01170441176470588
42.75477707006501,-0.005086764705882346
42.78478042239488,0.0017147058823529515
42.81478377472475,0.008516176470588235
42.84478712705462,0.014950000000000005
42.874790479384494,0.02064852941176472
42.904793831714365,0.02561176470588236
42.934797184044236,0.029655882352941185
42.964800536374106,0.03259705882352942
42.99480388870398,0.034435294117647064
43.02480724103385,0.03517058823529412
43.05481059336372,0.034802941176470606
43.08481394569359,0.03333235294117648
43.11481729802346,0.030391176470588255
43.14482065035333,0.02671470588235296
43.1748240026832,0.022119117647058845
43.20482735501307,0.01642058823529413
43.234830707342944,0.01017058823529414
43.264834059672815,0.003552941176470606
43.294837412002686,-0.00361617647058822
43.324840764332556,-0.010417647058823518
43.35484411666243,-0.01703529411764705
43.3848474689923,-0.023101470588235286
43.41485082132217,-0.028616176470588228
43.44485417365204,-0.032844117647058815
43.47485752598191,-0.03596911764705882
43.50486087831178,-0.03799117647058822
43.53486423064165,-0.03891029411764705
43.56486758297152,-0.03854264705882352
43.594870935301394,-0.03688823529411764
43.624874287631265,-0.03376323529411764
43.654877639961136,-0.029535294117647055
43.684880992291006,-0.024572058823529405
43.71488434462088,-0.0188735294117647
43.74488769695075,-0.012439705882352936
43.77489104928062,-0.005822058823529402
43.80489440161049,0.0009794117647058953
43.83489775394036,0.007597058823529415
43.86490110627023,0.014030882352941185
43.8949044586001,0.019729411764705884
43.92490781092997,0.024508823529411777
43.954911163259844,0.02892058823529413
43.984914515589715,0.03186176470588237
44.014917867919586,0.03370000000000001
44.044921220249456,0.034802941176470606
44.07492457257933,0.034802941176470606
44.1049279249092,0.03333235294117648
44.13493127723907,0.030942647058823533
44.16493462956894,0.029288235294117657
44.19493798189881,0.0228544117647059
44.22494133422868,0.020097058823529426
44.25494468655855,0.014214705882352949
44.28494803888842,0.007964705882352957
44.314951391218294,0.0013470588235294234
44.344954743548165,-0.00545441176470586
44.374958095878036,-0.012072058823529394
44.40496144820791,-0.018689705882352928
44.43496480053778,-0.024572058823529405
44.46496815286765,-0.029535294117647055
44.49497150519752,-0.03376323529411764
44.52497485752739,-0.036704411764705874
44.55497820985726,-0.038174999999999994
44.58498156218713,-0.03835882352941176
44.614984914517,-0.037807352941176466
44.64498826684687,-0.03578529411764705
44.674991619176744,-0.03247647058823529
44.704994971506615,-0.027880882352941165
44.734998323836486,-0.022733823529411758
44.76500167616636,-0.016851470588235287
44.79500502849623,-0.010417647058823518
44.8250083808261,-0.00361617647058822
44.85501173315597,0.0028176470588235497
44.88501508548584,0.00943529411764707
44.91501843781571,0.015685294117647075
44.94502179014558,0.02120000000000001
44.97502514247545,0.02579558823529414
45.00502849480532,0.02947205882352942
45.035031847135194,0.032229411764705895
45.065035199465065,0.03388382352941177
45.095038551794936,0.03461911764705883
45.12504190412481,0.0342514705882353
45.15504525645468,0.03259705882352942
45.18504860878455,0.02947205882352942
45.21505196111442,0.02579558823529414
45.24505531344429,0.020832352941176482
45.27505866577416,0.015501470588235311
45.30506201810403,0.00943529411764707
45.3350653704339,0.0028176470588235497
45.36506872276377,-0.003983823529411748
45.395072075093644,-0.01078529411764706
45.425075427423515,-0.017219117647058815
45.455078779753386,-0.02328529411764705
45.48508213208326,-0.028432352941176464
45.51508548441313,-0.032844117647058815
45.545088836743,-0.03578529411764705
45.57509218907287,-0.037623529411764695
45.60509554140274,-0.03835882352941176
45.63509889373261,-0.037807352941176466
45.66510224606248,-0.03596911764705882
45.69510559839235,-0.032844117647058815
45.72510895072222,-0.028616176470588228
45.755112303052094,-0.023652941176470585
45.785115655381965,-0.017770588235294107
45.815119007711836,-0.011520588235294116
45.84512236004171,-0.004902941176470582
45.87512571237158,0.0017147058823529515
45.90512906470145,0.008148529411764721
45.93513241703132,0.014398529411764713
45.96513576936119,0.020097058823529426
45.99513912169106,0.024876470588235305
46.02514247402093,0.028736764705882364
46.0551458263508,0.03167794117647059
46.08514917868067,0.03333235294117648
46.115152531010544,0.0342514705882353
46.145155883340415,0.0342514705882353
46.175159235670286,0.033516176470588244
46.20516258800016,0.03167794117647059
46.23516594033003,0.028369117647058836
46.2651692926599,0.024141176470588235
46.29517264498977,0.019177941176470606
46.32517599731964,0.013295588235294128
46.35517934964951,0.007229411764705901
46.38518270197938,0.0007955882352941313
46.41518605430925,-0.0061897058823529305
46.44518940663912,-0.012807352941176464
46.475192758968994,-0.019057352941176463
46.505196111298865,-0.02475588235294117
46.535199463628736,-0.029719117647058813
46.56520281595861,-0.03339558823529411
46.59520616828848,-0.036152941176470575
46.62520952061835,-0.037623529411764695
46.65521287294822,-0.037807352941176466
46.68521622527809,-0.03688823529411764
46.71521957760796,-0.03504999999999999
46.74522292993783,-0.03174117647058823
46.7752262822677,-0.02732941176470588
46.80522963459757,-0.022182352941176466
46.835232986927444,-0.01611617647058823
46.865236339257315,-0.009866176470588225
46.895239691587186,-0.0034323529411764697
46.92524304391706,0.003185294117647064
46.95524639624693,0.009802941176470598
46.9852497485768,0.015685294117647075
47.01525310090667,0.021016176470588246
47.04525645323654,0.02561176470588236
47.07525980556641,0.029288235294117657
47.10526315789628,0.032229411764705895
47.13526651022615,0.03370000000000001
47.16526986255602,0.03406764705882355
47.195273214885894,0.033516176470588244
47.225276567215765,0.03186176470588237
47.255279919545636,0.028736764705882364
47.28528327187551,0.024876470588235305
47.31528662420538,0.020097058823529426
47.34528997653525,0.014582352941176477
47.37529332886512,0.008700000000000013
47.40529668119499,0.0022661764705882437
47.43530003352486,-0.004719117647058804
47.46530338585473,-0.011336764705882338
47.4953067381846,-0.017586764705882343
47.52531009051447,-0.023469117647058814
47.555313442844344,-0.028432352941176464
47.585316795174215,-0.03247647058823529
47.615320147504086,-0.03541764705882352
47.64532349983396,-0.0370720588235294
47.67532685216383,-0.037807352941176466
47.7053302044937,-0.03743970588235294
47.73533355682357,-0.03560147058823529
47.76533690915344,-0.03229264705882352
47.79534026148331,-0.027880882352941165
47.82534361381318,-0.022917647058823522
47.85534696614305,-0.017219117647058815
47.88535031847292,-0.010969117647058824
47.915353670802794,-0.00453529411764704
47.945357023132665,0.0018985294117647156
47.975360375462536,0.008332352941176485
48.00536372779241,0.014582352941176477
48.03536708012228,0.019913235294117662
48.06537043245215,0.02469264705882354
48.09537378478202,0.026530882352941196
48.12537713711189,0.031310294117647075
48.15538048944176,0.032229411764705895
48.18538384177163,0.033516176470588244
48.2153871941015,0.03370000000000001
48.24539054643137,0.03278088235294119
48.275393898761244,0.03075882352941177
48.305397251091115,0.027450000000000016
48.335400603420986,0.023222058823529415
48.36540395575086,0.01844264705882355
48.39540730808073,0.012560294117647072
48.4254106604106,0.006494117647058845
48.45541401274047,6.029411764707504e-05
48.48541736507034,-0.006557352941176459
48.51542071740021,-0.013174999999999992
48.54542406973008,-0.019241176470588234
48.57542742205995,-0.02475588235294117
48.60543077438982,-0.029902941176470584
48.635434126719694,-0.03339558823529411
48.665437479049565,-0.03578529411764705
48.695440831379436,-0.0370720588235294
48.72544418370931,-0.037255882352941166
48.75544753603918,-0.036336764705882346
48.78545088836905,-0.03413088235294117
48.81545424069892,-0.030822058823529404
48.84545759302879,-0.02622647058823529
48.87546094535866,-0.021079411764705874
48.90546429768853,-0.01519705882352941
48.9354676500184,-0.008947058823529405
48.96547100234827,-0.0025132352941176356
48.995474354678144,0.00392058823529412
49.025477707008015,0.01017058823529414
49.055481059337886,0.01605294117647059
49.08548441166776,0.02120000000000001
49.11548776399763,0.02579558823529414
49.1454911163275,0.029104411764705893
49.17549446865737,0.03186176470588237
49.20549782098724,0.033148529411764716
49.23550117331711,0.033516176470588244
49.26550452564698,0.03296470588235295
49.29550787797685,0.03112647058823531
49.325511230306724,0.02781764705882353
49.355514582636594,0.024141176470588235
49.385517934966465,0.01936176470588237
49.415521287296336,0.01384705882352942
49.44552463962621,0.007780882352941179
49.47552799195608,0.0011632352941176455
49.50553134428595,-0.00545441176470586
49.53553469661582,-0.011888235294117644
49.56553804894569,-0.018138235294117643
49.59554140127556,-0.023836764705882342
49.62554475360543,-0.028432352941176464
49.6555481059353,-0.03229264705882352
49.685551458265174,-0.03504999999999999
49.715554810595044,-0.036704411764705874
49.745558162924915,-0.037255882352941166
49.775561515254786,-0.03652058823529411
49.80556486758466,-0.03431470588235293
49.83556821991453,-0.031005882352941175
49.8655715722444,-0.026961764705882345
49.89557492457427,-0.021998529411764695
49.92557827690414,-0.01611617647058823
49.95558162923401,-0.010050000000000003
49.98558498156388,-0.00361617647058822
50.01558833389375,0.0028176470588235497
50.045591686223624,0.009067647058823541
50.075595038553494,0.01219264705882353
50.105598390883365,0.020097058823529426
50.135601743213236,0.02248676470588236
50.16560509554311,0.02689852941176471
50.19560844787298,0.030023529411764713
50.22561180020285,0.03204558823529413
50.25561515253272,0.033148529411764716
50.28561850486259,0.033148529411764716
50.31562185719246,0.03204558823529413
50.34562520952233,0.02983970588235295
50.3756285618522,0.026530882352941196
50.405631914182074,0.022119117647058845
50.435635266511945,0.01733970588235295
50.465638618841815,0.011641176470588252
50.495641971171686,0.0053911764705882464
50.52564532350156,-0.0010426470588235232
50.55564867583143,-0.007476470588235279
50.5856520281613,-0.013910294117647048
50.61565538049117,-0.01979264705882352
50.64565873282104,-0.025123529411764697
50.67566208515091,-0.029719117647058813
50.70566543748078,-0.03321176470588234
50.73566878981065,-0.035233823529411755
50.765672142140524,-0.03652058823529411
50.795675494470395,-0.03652058823529411
50.825678846800265,-0.03504999999999999
50.855682199130136,-0.032844117647058815
50.88568555146001,-0.029535294117647055
50.91568890378988,-0.025123529411764697
50.94569225611975,-0.01979264705882352
50.97569560844962,-0.01354264705882352
51.00569896077949,-0.007476470588235279
51.03570231310936,-0.0010426470588235232
51.06570566543923,0.005207352941176482
51.0957090177691,0.01127352941176471
51.125712370098974,0.016972058823529423
51.155715722428845,0.021935294117647067
51.185719074758715,0.026347058823529418
51.215722427088586,0.02947205882352942
51.24572577941846,0.03167794117647059
51.27572913174833,0.033148529411764716
51.3057324840782,0.03333235294117648
51.33573583640807,0.032413235294117645
51.36573918873794,0.030023529411764713
51.39574254106781,0.02689852941176471
51.42574589339768,0.023222058823529415
51.45574924572755,0.018258823529411772
51.485752598057424,0.012560294117647072
51.515755950387295,0.006677941176470595
51.545759302717165,6.029411764707504e-05
51.575762655047036,-0.0063735294117646946
51.60576600737691,-0.0126235294117647
51.63576935970678,-0.018689705882352928
51.66577271203665,-0.023836764705882342
51.69577606436652,-0.028983823529411756
51.72577941669639,-0.03229264705882352
51.75578276902626,-0.03486617647058823
51.78578612135613,-0.036152941176470575
51.815789473686,-0.036336764705882346
51.845792826015874,-0.03541764705882352
51.875796178345745,-0.03321176470588234
51.905799530675615,-0.030086764705882348
51.935802883005486,-0.02567499999999999
51.96580623533536,-0.020527941176470575
51.99580958766523,-0.017770588235294107
52.0258129399951,-0.008763235294117641
52.05581629232497,-0.005638235294117638
52.08581964465484,0.0006117647058823672
52.11582299698471,0.006861764705882359
52.14582634931458,0.0129279411764706
52.17582970164445,0.018075000000000008
52.205833053974324,0.023038235294117665
52.235836406304195,0.027082352941176474
52.265839758634066,0.02983970588235295
52.295843110963936,0.03186176470588237
52.32584646329381,0.03278088235294119
52.35584981562368,0.03259705882352942
52.38585316795355,0.031310294117647075
52.41585652028342,0.02892058823529413
52.44585987261329,0.02561176470588236
52.47586322494316,0.021383823529411775
52.50586657727303,0.016236764705882367
52.5358699296029,0.010538235294117654
52.565873281932774,0.004472058823529426
52.595876634262645,-0.0019617647058823434
52.625879986592516,-0.0083955882352941
52.655883338922386,-0.014645588235294119
52.68588669125226,-0.020160294117647047
52.71589004358213,-0.02530735294117646
52.745893395912,-0.029902941176470584
52.77589674824187,-0.03302794117647058
52.80590010057174,-0.03486617647058823
52.83590345290161,-0.036152941176470575
52.86590680523148,-0.03578529411764705
52.89591015756135,-0.0344985294117647
52.925913509891224,-0.031924999999999995
52.955916862221095,-0.028616176470588228
52.985920214550966,-0.024020588235294113
53.015923566880836,-0.018689705882352928
53.04592691921071,-0.012807352941176464
53.07593027154058,-0.006741176470588223
53.10593362387045,-0.000491176470588231
53.13593697620032,0.0057588235294117746
53.16594032853019,0.011825000000000016
53.19594368086006,0.017155882352941187
53.22594703318993,0.021935294117647067
53.2559503855198,0.026347058823529418
53.285953737849674,0.02947205882352942
53.315957090179545,0.031310294117647075
53.345960442509416,0.03259705882352942
53.375963794839286,0.03259705882352942
53.40596714716916,0.031494117647058825
53.43597049949903,0.02947205882352942
53.4659738518289,0.026163235294117654
53.49597720415877,0.022119117647058845
53.52598055648864,0.01733970588235295
53.55598390881851,0.011825000000000016
53.58598726114838,0.0055750000000000105
53.61599061347825,-0.0008588235294117452
53.645993965808124,-0.007108823529411765
53.675997318137995,-0.013358823529411756
53.706000670467866,-0.019057352941176463
53.73600402279774,-0.02420441176470587
53.76600737512761,-0.028799999999999992
53.79601072745748,-0.03247647058823529
53.82601407978735,-0.03468235294117646
53.85601743211722,-0.03578529411764705
53.88602078444709,-0.03578529411764705
53.91602413677696,-0.0344985294117647
53.94602748910683,-0.03229264705882352
53.9760308414367,-0.03063823529411764
54.006034193766574,-0.024572058823529405
54.036037546096445,-0.022182352941176466
54.066040898426316,-0.016851470588235287
54.09604425075619,-0.01078529411764706
54.12604760308606,-0.004719117647058804
54.15605095541593,0.0015308823529411875
54.1860543077458,0.007597058823529415
54.21605766007567,0.013479411764705893
54.24606101240554,0.0186264705882353
54.27606436473541,0.02340588235294118
54.30606771706528,0.027266176470588252
54.33607106939515,0.030023529411764713
54.366074421725024,0.03167794117647059
54.396077774054895,0.032413235294117645
54.426081126384766,0.03204558823529413
54.45608447871464,0.030575000000000005
54.48608783104451,0.028185294117647072
54.51609118337438,0.024876470588235305
54.54609453570425,0.02028088235294119
54.57609788803412,0.015317647058823533
54.60610124036399,0.009251470588235305
54.63610459269386,0.003185294117647064
54.66610794502373,-0.0030647058823529277
54.6961112973536,-0.009314705882352933
54.726114649683474,-0.015380882352941175
54.756118002013345,-0.02089558823529411
54.786121354343216,-0.02585882352941176
54.81612470667309,-0.029902941176470584
54.84612805900296,-0.032844117647058815
54.87613141133283,-0.03468235294117646
54.9061347636627,-0.03578529411764705
54.93613811599257,-0.03541764705882352
54.96614146832244,-0.0339470588235294
54.99614482065231,-0.0313735294117647
55.02614817298218,-0.027697058823529408
55.05615152531205,-0.022917647058823522
55.086154877641924,-0.017770588235294107
55.116158229971795,-0.01170441176470588
55.146161582301666,-0.005638235294117638
55.17616493463154,0.0006117647058823672
55.20616828696141,0.006677941176470595
55.23617163929128,0.012560294117647072
55.26617499162115,0.01770735294117648
55.29617834395102,0.02248676470588236
55.32618169628089,0.026530882352941196
55.35618504861076,0.029288235294117657
55.38618840094063,0.030942647058823533
55.4161917532705,0.03204558823529413
55.446195105600374,0.03204558823529413
55.476198457930245,0.030942647058823533
55.506201810260116,0.028736764705882364
55.53620516258999,0.025244117647058834
55.56620851491986,0.020832352941176482
55.59621186724973,0.01605294117647059
55.6262152195796,0.010538235294117654
55.65621857190947,0.004288235294117662
55.68622192423934,-0.0019617647058823434
55.71622527656921,-0.008211764705882335
55.74622862889908,-0.014277941176470577
55.77623198122895,-0.01979264705882352
55.806235333558824,-0.02475588235294117
55.836238685888695,-0.029167647058823527
55.866242038218566,-0.03229264705882352
55.89624539054844,-0.03413088235294117
55.92624874287831,-0.03541764705882352
55.95625209520818,-0.03541764705882352
55.98625544753805,-0.03468235294117646
56.01625879986792,-0.03302794117647058
56.04626215219779,-0.030086764705882348
56.07626550452766,-0.02585882352941176
56.10626885685753,-0.02126323529411764
56.1362722091874,-0.01574852941176469
56.166275561517274,-0.009682352941176461
56.196278913847145,-0.00361617647058822
56.226282266177016,0.0024500000000000077
56.25628561850689,0.008516176470588235
56.28628897083676,0.014214705882352949
56.31629232316663,0.019177941176470606
56.3462956754965,0.023589705882352957
56.37629902782637,0.027082352941176474
56.40630238015624,0.029655882352941185
56.43630573248611,0.031310294117647075
56.46630908481598,0.03186176470588237
56.49631243714585,0.031494117647058825
56.526315789475724,0.030023529411764713
56.556319141805595,0.027450000000000016
56.586322494135466,0.023957352941176485
56.61632584646534,0.01936176470588237
56.64632919879521,0.014214705882352949
56.67633255112508,0.008516176470588235
56.70633590345495,0.0024500000000000077
56.73633925578482,-0.003983823529411748
56.76634260811469,-0.010233823529411754
56.79634596044456,-0.01611617647058823
56.82634931277443,-0.02126323529411764
56.8563526651043,-0.026042647058823518
56.886356017434174,-0.029902941176470584
56.916359369764045,-0.032844117647058815
56.946362722093916,-0.0344985294117647
56.97636607442379,-0.03504999999999999
57.00636942675366,-0.03486617647058823
57.03637277908353,-0.03321176470588234
57.0663761314134,-0.030454411764705876
57.09637948374327,-0.02677794117647058
57.12638283607314,-0.021998529411764695
57.15638618840301,-0.016667647058823516
57.18638954073288,-0.010601470588235282
57.21639289306275,-0.004719117647058804
57.246396245392624,0.0013470588235294234
57.276399597722495,0.007413235294117665
57.306402950052366,0.013111764705882364
57.33640630238224,0.018075000000000008
57.36640965471211,0.022670588235294123
57.39641300704198,0.026347058823529418
57.42641635937185,0.029104411764705893
57.45641971170172,0.03075882352941177
57.48642306403159,0.031494117647058825
57.51642641636146,0.031494117647058825
57.54642976869133,0.030023529411764713
57.5764331210212,0.02763382352941178
57.606436473351074,0.024141176470588235
57.636439825680945,0.019729411764705884
57.666443178010816,0.014950000000000005
57.69644653034069,0.00943529411764707
57.72644988267056,0.003552941176470606
57.75645323500043,-0.0026970588235293996
57.7864565873303,-0.008947058823529405
57.81645993966017,-0.014645588235294119
57.84646329199004,-0.01997647058823529
57.87646664431991,-0.024939705882352933
57.90646999664978,-0.026961764705882345
57.93647334897965,-0.03229264705882352
57.966476701309524,-0.03357941176470587
57.996480053639395,-0.03486617647058823
58.026483405969266,-0.03486617647058823
58.05648675829914,-0.03413088235294117
58.08649011062901,-0.03229264705882352
58.11649346295888,-0.029167647058823527
58.14649681528875,-0.024939705882352933
58.17650016761862,-0.020344117647058818
58.20650351994849,-0.014829411764705869
58.23650687227836,-0.008763235294117641
58.26651022460823,-0.0026970588235293996
58.2965135769381,0.003369117647058828
58.326516929267974,0.009251470588235305
58.356520281597845,0.014582352941176477
58.386523633927716,0.01954558823529412
58.41652698625759,0.023957352941176485
58.44653033858746,0.027082352941176474
58.47653369091733,0.02983970588235295
58.5065370432472,0.031310294117647075
58.53654039557707,0.031494117647058825
58.56654374790694,0.03075882352941177
58.59654710023681,0.029288235294117657
58.62655045256668,0.026530882352941196
58.656553804896554,0.022670588235294123
58.686557157226424,0.01844264705882355
58.716560509556295,0.013479411764705893
58.746563861886166,0.007780882352941179
58.77656721421604,0.0017147058823529515
58.80657056654591,-0.00435147058823529
58.83657391887578,-0.010601470588235282
58.86657727120565,-0.01648382352941176
58.89658062353552,-0.02126323529411764
58.92658397586539,-0.02622647058823529
58.95658732819526,-0.029902941176470584
58.98659068052513,-0.03266029411764705
59.016594032855004,-0.03413088235294117
59.046597385184874,-0.0344985294117647
59.076600737514745,-0.03376323529411764
59.106604089844616,-0.03210882352941176
59.13660744217449,-0.029535294117647055
59.16661079450436,-0.02567499999999999
59.19661414683423,-0.020711764705882346
59.2266174991641,-0.015564705882352939
59.25662085149397,-0.009682352941176461
59.28662420382384,-0.00361617647058822
59.31662755615371,0.0024500000000000077
59.34663090848358,0.008332352941176485
59.376634260813454,0.013663235294117657
59.406637613143324,0.0186264705882353
59.436640965473195,0.023038235294117665
59.466644317803066,0.026530882352941196
59.49664767013294,0.029104411764705893
59.52665102246281,0.030575000000000005
59.55665437479268,0.03112647058823531
59.58665772712255,0.03075882352941177
59.61666107945242,0.029288235294117657
59.64666443178229,0.02671470588235296
59.67666778411216,0.02340588235294118
59.70667113644203,0.018810294117647064
59.736674488771904,0.014030882352941185
59.766677841101775,0.008516176470588235
59.796681193431645,0.0026338235294117718
59.826684545761516,-0.0034323529411764697
59.85668789809139,-0.009498529411764697
59.88669125042126,-0.0126235294117647
59.91669460275113,-0.020527941176470575
59.946697955081,-0.023101470588235286
59.97670130741087,-0.027513235294117637
60.00670465974074,-0.03063823529411764
60.03670801207061,-0.032844117647058815
60.06671136440048,-0.03413088235294117
60.096714716730354,-0.03413088235294117
60.126718069060225,-0.032844117647058815
60.156721421390095,-0.031189705882352932
60.186724773719966,-0.028064705882352936
60.21672812604984,-0.023652941176470585
60.24673147837971,-0.0188735294117647
60.27673483070958,-0.01354264705882352
60.30673818303945,-0.007476470588235279
60.33674153536932,-0.0015941176470588153
60.36674488769919,0.004288235294117662
60.39674824002906,0.009986764705882362
60.42675159235893,0.015133823529411769
60.456754944688804,0.019913235294117662
60.486758297018675,0.024141176470588235
60.516761649348545,0.027266176470588252
60.546765001678416,0.02947205882352942
60.57676835400829,0.03075882352941177
60.60677170633816,0.030942647058823533
60.63677505866803,0.030207352941176477
60.6667784109979,0.0285529411764706
60.69678176332777,0.02561176470588236
60.72678511565764,0.021935294117647067
60.75678846798751,0.017155882352941187
60.78679182031738,0.01200882352941178
60.816795172647254,0.006310294117647067
60.846798524977125,0.00042794117647058927
60.876801877306995,-0.005638235294117638
60.906805229636866,-0.011520588235294116
60.93680858196674,-0.01703529411764705
60.96681193429661,-0.022182352941176466
60.99681528662648,-0.026594117647058817
61.02681863895635,-0.029902941176470584
61.05682199128622,-0.03247647058823529
61.08682534361609,-0.03376323529411764
61.11682869594596,-0.0339470588235294
61.14683204827583,-0.03302794117647058
61.176835400605704,-0.0313735294117647
61.206838752935575,-0.0282485294117647
61.236842105265445,-0.02438823529411764
61.266845457595316,-0.019608823529411755
61.29684880992519,-0.014277941176470577
61.32685216225506,-0.008579411764705877
61.35685551458493,-0.0025132352941176356
61.3868588669148,0.003369117647058828
61.41686221924467,0.009067647058823541
61.44686557157454,0.014398529411764713
61.47686892390441,0.019177941176470606
61.50687227623428,0.02340588235294118
61.536875628564154,0.026530882352941196
61.566878980894025,0.02892058823529413
61.596882333223896,0.030391176470588255
61.626885685553766,0.030575000000000005
61.65688903788364,0.030207352941176477
61.68689239021351,0.028736764705882364
61.71689574254338,0.02597941176470589
61.74689909487325,0.022302941176470595
61.77690244720312,0.017891176470588244
61.80690579953299,0.012744117647058836
61.83690915186286,0.007229411764705901
61.86691250419273,0.004288235294117662
61.896915856522604,-0.0017779411764705794
61.926919208852475,-0.007660294117647043
61.956922561182346,-0.013358823529411756
61.986925913512216,-0.0188735294117647
62.01692926584209,-0.023469117647058814
62.04693261817196,-0.027880882352941165
62.07693597050183,-0.030822058823529404
62.1069393228317,-0.03266029411764705
62.13694267516157,-0.03376323529411764
62.16694602749144,-0.03357941176470587
62.19694937982131,-0.03247647058823529
62.22695273215118,-0.03027058823529411
62.256956084481054,-0.02732941176470588
62.286959436810925,-0.022733823529411758
62.316962789140796,-0.01795441176470587
62.346966141470666,-0.0126235294117647
62.37696949380054,-0.006741176470588223
62.40697284613041,-0.000674999999999995
62.43697619846028,0.005207352941176482
62.46697955079015,0.010905882352941196
62.49698290312002,0.01605294117647059
62.52698625544989,0.02046470588235294
62.55698960777976,0.024325000000000013
62.58699296010963,0.027266176470588252
62.616996312439504,0.029104411764705893
62.646999664769375,0.030391176470588255
62.677003017099246,0.030391176470588255
62.707006369429116,0.029655882352941185
62.73700972175899,0.02781764705882353
62.76701307408886,0.02469264705882354
62.79701642641873,0.020832352941176482
62.8270197787486,0.01642058823529413
62.85702313107847,0.01127352941176471
62.88702648340834,0.0053911764705882464
62.91702983573821,-0.000674999999999995
62.94703318806808,-0.006557352941176459
62.977036540397954,-0.012439705882352936
63.007039892727825,-0.017770588235294107
63.037043245057696,-0.022733823529411758
63.06704659738757,-0.026961764705882345
63.09704994971744,-0.03027058823529411
63.12705330204731,-0.032844117647058815
63.15705665437718,-0.0339470588235294
63.18706000670705,-0.03376323529411764
63.21706335903692,-0.03266029411764705
63.24706671136679,-0.03063823529411764
63.27707006369666,-0.027697058823529408
63.30707341602653,-0.023652941176470585
63.337076768356404,-0.0188735294117647
63.367080120686275,-0.01354264705882352
63.397083473016146,-0.007476470588235279
63.42708682534602,-0.0017779411764705794
63.45709017767589,0.004104411764705884
63.48709353000576,0.009986764705882362
63.51709688233563,0.015133823529411769
63.5471002346655,0.019729411764705884
63.57710358699537,0.02377352941176472
63.60710693932524,0.02671470588235296
63.63711029165511,0.02892058823529413
63.66711364398498,0.030207352941176477
63.697116996314854,0.030207352941176477
63.727120348644725,0.029655882352941185
63.757123700974596,0.028001470588235308
63.78712705330447,0.02506029411764707
63.81713040563434,0.02340588235294118
63.84713375796421,0.016788235294117645
63.87713711029408,0.014030882352941185
63.90714046262395,0.008883823529411777
63.93714381495382,0.003185294117647064
63.96714716728369,-0.0028808823529411637
63.99715051961356,-0.008763235294117641
64.02715387194343,-0.014461764705882355
64.0571572242733,-0.019424999999999984
64.08716057660317,-0.024020588235294113
64.11716392893304,-0.027880882352941165
64.14716728126291,-0.030822058823529404
64.17717063359278,-0.03266029411764705
64.20717398592265,-0.03339558823529411
64.23717733825252,-0.03339558823529411
64.26718069058239,-0.031924999999999995
64.29718404291226,-0.029535294117647055
64.32718739524213,-0.02622647058823529
64.357190747572,-0.021814705882352937
64.38719409990188,-0.016851470588235287
64.41719745223175,-0.011152941176470574
64.44720080456162,-0.00545441176470586
64.47720415689149,0.00042794117647058927
64.50720750922136,0.006126470588235303
64.53721086155123,0.011641176470588252
64.5672142138811,0.016604411764705895
64.59721756621097,0.02120000000000001
64.62722091854084,0.024876470588235305
64.65722427087071,0.027450000000000016
64.68722762320058,0.029104411764705893
64.71723097553046,0.030023529411764713
64.74723432786033,0.030023529411764713
64.7772376801902,0.028736764705882364
64.80724103252007,0.02689852941176471
64.83724438484994,0.02377352941176472
64.86724773717981,0.01954558823529412
64.89725108950968,0.014950000000000005
64.92725444183955,0.009619117647058834
64.95725779416942,0.00392058823529412
64.98726114649929,-0.0019617647058823434
65.01726449882916,-0.00784411764705882
65.04726785115903,-0.013726470588235298
65.0772712034889,-0.0188735294117647
65.10727455581878,-0.023652941176470585
65.13727790814865,-0.027513235294117637
65.16728126047852,-0.03063823529411764
65.19728461280839,-0.03247647058823529
65.22728796513826,-0.03357941176470587
65.25729131746813,-0.03339558823529411
65.287294669798,-0.031924999999999995
65.31729802212787,-0.029535294117647055
65.34730137445774,-0.026594117647058817
65.37730472678761,-0.022182352941176466
65.40730807911748,-0.017402941176470586
65.43731143144736,-0.012072058823529394
65.46731478377723,-0.0060058823529411665
65.4973181361071,-0.000491176470588231
65.52732148843697,0.0053911764705882464
65.55732484076684,0.010722058823529418
65.58732819309671,0.015685294117647075
65.61733154542658,0.02028088235294119
65.64733489775645,0.02377352941176472
65.67733825008632,0.027082352941176474
65.7073416024162,0.028736764705882364
65.73734495474606,0.02983970588235295
65.76734830707593,0.02983970588235295
65.7973516594058,0.029655882352941185
65.82735501173568,0.02671470588235296
65.85735836406555,0.025427941176470598
65.88736171639542,0.021935294117647067
65.91736506872529,0.01770735294117648
65.94736842105516,0.0129279411764706
65.97737177338503,0.007413235294117665
66.0073751257149,0.0017147058823529515
66.03737847804477,-0.00435147058823529
66.06738183037464,-0.010233823529411754
66.09738518270451,-0.015564705882352939
66.12738853503438,-0.020527941176470575
66.15739188736426,-0.024939705882352933
66.18739523969413,-0.028432352941176464
66.217398592024,-0.031005882352941175
66.24740194435387,-0.03247647058823529
66.27740529668374,-0.032844117647058815
66.30740864901361,-0.03247647058823529
66.33741200134348,-0.030822058823529404
66.36741535367335,-0.028064705882352936
66.39741870600322,-0.02475588235294117
66.4274220583331,-0.020160294117647047
66.45742541066296,-0.01519705882352941
66.48742876299283,-0.009498529411764697
66.5174321153227,-0.003799999999999984
66.54743546765258,0.0017147058823529515
66.57743881998245,0.007413235294117665
66.60744217231232,0.012744117647058836
66.63744552464219,0.017523529411764716
66.66744887697206,0.021751470588235303
66.69745222930193,0.02506029411764707
66.7274555816318,0.02763382352941178
66.75745893396167,0.029104411764705893
66.78746228629154,0.029655882352941185
66.81746563862141,0.02947205882352942
66.84746899095128,0.028001470588235308
66.87747234328116,0.02579558823529414
66.90747569561103,0.02248676470588236
66.9374790479409,0.01844264705882355
66.96748240027077,0.013663235294117657
66.99748575260064,0.008332352941176485
67.02748910493051,0.0026338235294117718
67.05749245726038,-0.003248529411764692
67.08749580959025,-0.00913088235294117
67.11749916192012,-0.014645588235294119
67.14750251425,-0.019424999999999984
67.17750586657986,-0.024020588235294113
67.20750921890973,-0.027513235294117637
67.2375125712396,-0.030454411764705876
67.26751592356948,-0.03210882352941176
67.29751927589935,-0.03266029411764705
67.32752262822922,-0.03210882352941176
67.35752598055909,-0.03063823529411764
67.38752933288896,-0.028064705882352936
67.41753268521883,-0.024572058823529405
67.4475360375487,-0.020160294117647047
67.47753938987857,-0.015380882352941175
67.50754274220844,-0.010233823529411754
67.53754609453831,-0.004902941176470582
67.56754944686818,0.0009794117647058953
67.59755279919806,0.006677941176470595
67.62755615152793,0.011825000000000016
67.6575595038578,0.016604411764705895
67.68756285618767,0.021016176470588246
67.71756620851754,0.022670588235294123
67.74756956084741,0.02689852941176471
67.77757291317728,0.02781764705882353
67.80757626550715,0.029288235294117657
67.83757961783702,0.029288235294117657
67.8675829701669,0.02892058823529413
67.89758632249676,0.027266176470588252
67.92758967482663,0.024508823529411777
67.9575930271565,0.021016176470588246
67.98759637948638,0.016604411764705895
68.01759973181625,0.01200882352941178
68.04760308414612,0.006677941176470595
68.07760643647599,0.0007955882352941313
68.10760978880586,-0.005086764705882346
68.13761314113573,-0.01078529411764706
68.1676164934656,-0.01611617647058823
68.19761984579547,-0.020711764705882346
68.22762319812534,-0.02530735294117646
68.25762655045521,-0.028616176470588228
68.28762990278508,-0.030822058823529404
68.31763325511496,-0.03210882352941176
68.34763660744483,-0.03229264705882352
68.3776399597747,-0.03155735294117646
68.40764331210457,-0.029719117647058813
68.43764666443444,-0.02714558823529411
68.46765001676431,-0.023469117647058814
68.49765336909418,-0.0188735294117647
68.52765672142405,-0.013910294117647048
68.55766007375392,-0.008579411764705877
68.5876634260838,-0.0026970588235293996
68.61766677841366,0.0030014705882353
68.64767013074353,0.008332352941176485
68.6776734830734,0.013479411764705893
68.70767683540328,0.018258823529411772
68.73768018773315,0.022302941176470595
68.76768354006302,0.025244117647058834
68.79768689239289,0.027450000000000016
68.82769024472276,0.02892058823529413
68.85769359705263,0.02947205882352942
68.8876969493825,0.02892058823529413
68.91770030171237,0.027266176470588252
68.94770365404224,0.024876470588235305
68.97770700637211,0.02156764705882354
69.00771035870198,0.017155882352941187
69.03771371103186,0.012376470588235308
69.06771706336173,0.007045588235294123
69.0977204156916,0.0013470588235294234
69.12772376802147,-0.00453529411764704
69.15772712035134,-0.010233823529411754
69.18773047268121,-0.015380882352941175
69.21773382501108,-0.01997647058823529
69.24773717734095,-0.02438823529411764
69.27774052967082,-0.027697058823529408
69.3077438820007,-0.030454411764705876
69.33774723433056,-0.031924999999999995
69.36775058666043,-0.03229264705882352
69.3977539389903,-0.03174117647058823
69.42775729132018,-0.030086764705882348
69.45776064365005,-0.02732941176470588
69.48776399597992,-0.023836764705882342
69.51776734830979,-0.019424999999999984
69.54777070063966,-0.014461764705882355
69.57777405296953,-0.009314705882352933
69.6077774052994,-0.0034323529411764697
69.63778075762927,0.0020823529411764796
69.66778410995914,0.007413235294117665
69.69778746228901,0.012744117647058836
69.72779081461888,0.015133823529411769
69.75779416694876,0.019729411764705884
69.78779751927863,0.023222058823529415
